status,category,name,description,short_description,sku,price,special_price,special_from_date,special_to_date,tax_class_id,is_in_stock,stock,weight,images,meta_title,meta_keyword,meta_description,manufacturer,brand,custom_option,tier_price,attribute_mapping_category
1,Hair Style,"Panasonic 650 Watt EH-KA11 Hair Styler, White","Love styling your hair but can't find the right product to get the job done? The Panasonic EH KA11 Hair Styler Get lets you achieve amazing hairdos right from the comfort of your home. The 360 degree swivel cord of the appliance won't get tangled while it is not in use. The long cord of the styler makes sure that you can effortlessly use the device even if it is plugged in at a distance from the mirror. This hair styler machine is equipped with a blow air attachment that can be used to achieve a broad range of hairstyles without damaging your tresses. Available in a white finish, the Panasonic EH KA11 Hair Styler features three heat settings that let you adjust the temperature of the device according to your styling needs and hair type. HIGH ON STYLE Every Panasonic hair styler review applauds its sleek design and compact dimensions that allow a firm grip and enable you to use the device with absolute ease. The ergonomic design also ensures that you can carry this product everywhere you go without adding too much bulk to your person. EASY TO USE The Panasonic EH KA11 Hair Styler features a 1.8m cord that swivels 360 degree. The long cord ensures you can effortlessly use the device, even if it is plugged in at a distance from the mirror. The device has three heat settings that let you adjust the temperature of the styler according to your styling needs and hair type. This Panasonic hair straightener consumes 650W of power, and thus is very energy efficient.","Every Panasonic hair styler review applauds its sleek design and compact dimensions that allow a firm grip and enable you to use the device with absolute ease.
The ergonomic design also ensures that you can carry this product everywhere you go without adding too much bulk to your person.
The Panasonic EH KA11 Hair Styler features a 1.8m cord that swivels 360 degree",744,50,,,,,In Stock,1,,https://images-na.ssl-images-amazon.com/images/I/415tnbO4ZoL._AC_SL1107_.jpg,,,,Panasonic,Panasonic,,,
1,Hair Style,"Panasonic Multigroom Beard Trimmer Kit For Face, Head, Body Hair Styling and Grooming, 39 Quick-Adjust Dial Trim Settings, Cordless/Cord, – ER-GB80-S, Silver","2015 men’s health grooming award
Multi-groom beard trimmer: The all in 1 trimmer uses durable, super sharp 45 degree angle stainless steel, hypoallergenic blades to cut quickly and cleanly for efficient beard, head, body, and face hair grooming
Adjustable beard trimmer dial: The quick adjust trimmer dial and three comb attachments provide 39 precision settings for personalized sculpting, trimming, cutting and detailing
Slide up trimmer: Slide up 45 degree trimmer built into the men’s electric razor adds the perfect trimming and detail to beards, mustaches and sideburns
Ergonomic, rubberized grip: The ergonomic beard and hair trimmer design with rubberized grip provides for total comfort and control; Clean the trimmer in seconds under warm running water
Cordless/corded operation: Use the trimmer cordless anytime, anywhere for up to 50 minutes with rechargeable battery power or plug in for longer use; Includes three comb attachments, a cleaning brush, ac adapter/charger and universal voltage for international travel (AC 100 240V) charging time 1 hour
Max power consumption: 2 watts","2015 men’s health grooming award
Multi-groom beard trimmer: The all in 1 trimmer uses durable, super sharp 45 degree angle stainless steel, hypoallergenic blades to cut quickly and cleanly for efficient beard, head, body, and face hair grooming
Adjustable beard trimmer dial: The quick adjust trimmer dial and three comb attachments provide 39 precision settings for personalized sculpting, trimming, cutting and detailing
Slide up trimmer: Slide up 45 degree trimmer built into the men’s electric razor adds the perfect trimming and detail to beards, mustaches and sideburns
Ergonomic, rubberized grip: The ergonomic beard and hair trimmer design with rubberized grip provides for total comfort and control; Clean the trimmer in seconds under warm running water
Cordless/corded operation: Use the trimmer cordless anytime, anywhere for up to 50 minutes with rechargeable battery power or plug in for longer use; Includes three comb attachments, a cleaning brush, ac adapter/charger and universal voltage for international travel (AC 100 240V) charging time 1 hour
Max power consumption: 2 watts",745,230,,,,,In Stock,1,,https://images-na.ssl-images-amazon.com/images/I/71HFUs01hxL._SL1500_.jpg,,,,Panasonic,Panasonic,,,
1,Personal Care,"Panasonic Rechargeable Beard & Body Hair Trimmer, Black [ER2031]","The compactly designed Panasonic ER2031 trimmer is ideal for trimming of beard and hair. This mains or battery operated trimmer gives you 12 cutting length options, with sharp blades for greater precision. The comfortable grip of the trimmer enables easy maneuvering and you can style your hair in combination with a comb or fingers. The Panasonic trimmer gives you a precise cutting experience for a perfect and well-groomed look. Product Features: Men's Trimmer. Easy adjustments with quick adjust dial (2-18/12 steps). Soft case; brush; oil; comb attachment. 8 hour charge/40 min use.","The compactly designed Panasonic ER2031 trimmer is ideal for trimming of beard and hair
This mains or battery operated trimmer gives you 12 cutting length options, with sharp blades for greater precision.
The Panasonic trimmer gives you a precise cutting experience for a perfect and well-groomed look.",746,145,,,,,In Stock,1,,https://images-na.ssl-images-amazon.com/images/I/61xrbk7YN%2BL._AC_SL1200_.jpg,,,,Panasonic,Panasonic,,,
1,Personal Care,Panasonic ER240BP Beard Trimmer – Japan,"Number of Speed Settings : 1
Model Number : ER240BP
Brand : Panasonic
Targeted Group : Men
Number of Heads : 1
Operating Function : Dry
Type : Clipper & Trimmer
Power Source : Battery
Battery Operated ‎
Length Settings 5 cutting length adjustments with dial
Made in Japan","Number of Speed Settings : 1
Model Number : ER240BP
Brand : Panasonic
Targeted Group : Men
Number of Heads : 1
Operating Function : Dry
Type : Clipper & Trimmer
Power Source : Battery
Battery Operated ‎
Length Settings 5 cutting length adjustments with dial
Made in Japan",747,60,,,,,In Stock,1,,https://cf1.s3.souqcdn.com/item/2020/04/26/30/38/22/77/item_XL_30382277_555c454dc97bd.jpg,,,,Panasonic,Panasonic,,,
1,Personal Care,Panasonic ER217 Hair and Beard Trimmer Wet & Dry,"The Panasonic ER217 is a men's trimmer made for an efficient trimming experience. You can create your own style of beard with the help of the Panasonic ER217 trimmer. Maintain stubble or a thick beard using this men's trimmer according to your requirements. The Panasonic ER217 men's trimmer can be used both in and out of the shower.

Featured with a floating cutter type trimming head, the Panasonic men's trimmer adjusts to all the contours of your face and neck. When used on electricity, this Panasonic ER217 trimmer gives an effective corded trim and when powered by rechargeable battery the men's trimmer gives a proficient cordless trim. The range of electricity required for the Panasonic men's trimmer to function smoothly is 100 ~ 240 V. Be it sporting a stylish five o'clock shadow or a solemn thick beard, the Panasonic ER217 trimmer is an ideal choice.

 Features :

HIGH-PERFORMANCE BLADE
SPRING-LOADED HIGH-PERFORMANCE STAINLESS STEEL BLADES REQUIRE NO USER 

ADJUSTMENT.
QUICK ADJUST DIAL WITH 14 SETTINGS

SHAPES YOUR BEARD BEAUTIFULLY WHETHER YOU PREFER IT SHORT, MEDIUM-LENGTH, OR LONG.

WASHABLE CORD/ CORDLESS OPERATION
ULTIMATE ONE - PASS SHAVING COMFORT SMOOTHLY SHAVES EVERY CONTOUR
DETAIL TRIMMER

LENGTH SETTINGS
14 CUTTING LENGTH ADJUST EMENTS (0.5-20MM)
SPECIAL COMB FOR BEARD TRIMMING     YES
USAGE TIME   50 MIN
CHARGE TIME    8 HR
WET N DRY / WASHABLE    WASHABLE
COUNTRY OF ORIGIN
MADE IN JAPAN
VOLTAGE     220 ~ 240V
CORD/CORDLESS OPERATION     YES",The Panasonic ER217 is a men's trimmer made for an efficient trimming experience. You can create your own style of beard with the help of the Panasonic ER217 trimmer. Maintain stubble or a thick beard using this men's trimmer according to your requirements. The Panasonic ER217 men's trimmer can be used both in and out of the shower.,748,145,,,,,In Stock,1,,https://cf2.s3.souqcdn.com/item/2015/10/26/93/69/73/9/item_XL_9369739_10278990.jpg,,,,Panasonic,Panasonic,,,
1,Personal Care,Panasonic Er115 Nose & Ear Hair Trimmer Wet/Dry Application,anasonic ER115 Nose & Ear Hair Trimmer Wet/Dry Application,anasonic ER115 Nose & Ear Hair Trimmer Wet/Dry Application,749,30,,,,,In Stock,1,,https://images-na.ssl-images-amazon.com/images/I/71LKQA8zIwL._SL1500_.jpg,,,,Panasonic,Panasonic,,,
1,Personal Care,"Panasonic ER-GY10 Grooming kit 6 in 1 Trimmer , Wet & Dry ","Enjoy a vast range of features and options with this 6-in-1 personal-grooming machine that's built to work either wet or dry. Its steel blades are great for trimming the hair on your head, along with facial hair, hair on your arms, legs, back, etc. This cordless trimmer comes with 5 attachments, each designed to give you custom performances. With the Panasonic Men's Body Grooming Kit, you'll never have any difficulties in trimming or shaving your hair. Product Features: Multi-Trimmer with 5 cutting Lengths. 4 Attachments - Hair, Whiskers, Body & Underarm & Bikini Zone Wet & Dry. Universal Voltage. Cordless Operation.","Enjoy a vast range of features and options with this 6-in-1 personal-grooming machine that's built to work either wet or dry. Its steel blades are great for trimming the hair on your head, along with facial hair, hair on your arms, legs, back, etc. This cordless trimmer comes with 5 attachments, each designed to give you custom performances. With the Panasonic Men's Body Grooming Kit, you'll never have any difficulties in trimming or shaving your hair. Product Features: Multi-Trimmer with 5 cutting Lengths. 4 Attachments - Hair, Whiskers, Body & Underarm & Bikini Zone Wet & Dry. Universal Voltage. Cordless Operation.",750,120,,,,,In Stock,1,,https://cf3.s3.souqcdn.com/item/2019/02/06/76/07/57/9/item_XL_7607579_1e3dbc27c73c5.jpg,,,,Panasonic,Panasonic,,,
1,Personal Care,Panasonic ER-GN30-K Nose Ear Hair Trimmer,"Innovative dual edge blades: Panasonic nose hair trimmer for men comfortably removes nose, ear and unwanted facial hair plus details beards and eyebrows with dual edge blades
Clean and precision trimming: Curved, hypoallergenic, stainless steel blades match the contour of your nostrils to trim the hair safely and precisely, without irritating skin or pulling hairs
Wet/dry convenience: Fully waterproof men’s personal groomer is made for nose and ear trimming convenience, safely use dry anytime or in the shower
Smart vortex cleaning system: Vortex cleaning system draws in faucet water from all sides and spins it through the nose hair clipper for easy cleaning in seconds
Cordless and battery operated: Panasonic trimmer is fully powered by one AA size battery (not included); A protective nose clipper cap and cleaning brush are included","Innovative dual edge blades: Panasonic nose hair trimmer for men comfortably removes nose, ear and unwanted facial hair plus details beards and eyebrows with dual edge blades
Clean and precision trimming: Curved, hypoallergenic, stainless steel blades match the contour of your nostrils to trim the hair safely and precisely, without irritating skin or pulling hairs
Wet/dry convenience: Fully waterproof men’s personal groomer is made for nose and ear trimming convenience, safely use dry anytime or in the shower
Smart vortex cleaning system: Vortex cleaning system draws in faucet water from all sides and spins it through the nose hair clipper for easy cleaning in seconds
Cordless and battery operated: Panasonic trimmer is fully powered by one AA size battery (not included); A protective nose clipper cap and cleaning brush are included",751,40,,,,,In Stock,1,,https://images-na.ssl-images-amazon.com/images/I/510h8r-fecL._SL1500_.jpg,,,,Panasonic,Panasonic,,,
1,Hair Style,"Panasonic EH-HV21,Panasonic Hair Straightener EH-HV21, Black,","Panasonic 230 Degree Temperature Hair Straightener
Ceramic Straightener
2 Way Straight & Curl Straightener
Even Heat Distribution Plate
Medium Curl Attachment","Panasonic 230 Degree Temperature Hair Straightener
Ceramic Straightener
2 Way Straight & Curl Straightener
Even Heat Distribution Plate
Medium Curl Attachment",752,105,,,,,In Stock,1,,https://images-na.ssl-images-amazon.com/images/I/31zdbZWasSL._AC_.jpg,,,,Panasonic,Panasonic,,,
1,Personal Care,Panasonic ES-SA40-K44B Single Blade Wet and Dry Men's Shaver (Black),"Japanes blade technology
Rechargable
Cordless use
Wet & Dry ; Floating head ; Light and easy to handle ; 8800rpm Motor Speed ; Performance Features: It uses double blade technique which gives you deep clean shave
8 Hour charging time
Subject to the Terms and Conditions mentioned on the product warranty card, Warranty shall be valid for repairs against any manufacturing defects for a period of 24 months from the date of purchase mentioned on Purchase Invoice
The pop-up trimmer is great for grooming your moustache or sideburns","Japanes blade technology
Rechargable
Cordless use
Wet & Dry ; Floating head ; Light and easy to handle ; 8800rpm Motor Speed ; Performance Features: It uses double blade technique which gives you deep clean shave
8 Hour charging time
Subject to the Terms and Conditions mentioned on the product warranty card, Warranty shall be valid for repairs against any manufacturing defects for a period of 24 months from the date of purchase mentioned on Purchase Invoice
The pop-up trimmer is great for grooming your moustache or sideburns",753,115,,,,,In Stock,1,,https://images-na.ssl-images-amazon.com/images/I/61rOFbgr8jL._SL1400_.jpg,,,,Panasonic,Panasonic,,,
1,Hair Style,"Panasonic EH-KA31 Hair Styler with 3 Attachments , White","If you are looking for hair straighteners online, then you have come to the right place. The Panasonic EH KA31 Hair Styler enables you to achieve a salon like looks from the comfort of your home. The device allows you to fashion a broad range of hairstyles with its wide array of attachments. This hair styler machine comes with a blow brush, an air iron, and an adjustable roller brush, which will provide you with the perfect look for any occasion in a matter of minutes. The Panasonic EH KA31 Hair Styler sports an elegant white finish. It has 650W output and produces 59dB of sound while operational. This hair styler, with an anti static panel and gentle drying mode, enables you to try out various hairdos without damaging your hair.

AMAZING CONTROLS
This hair straightener and curler by Panasonic, with three distinct speed and heat settings, gives you optimum control to suit your styling needs and hair type. The styler ensures the safety of its internal components, as well as that of your hair by automatically regulating its temperature level, thus preventing any possible damage due to overheating.

SLIM DESIGN
Every Panasonic EH KA31 Hair Styler review points towards its chic, sleek built and compact dimensions that allow you to hold the device firmly. This hair straightener and curler by Panasonic comes with multiple attachments to give you the hairdo you desire. It includes a blow brush, an air iron, and an adjustable roller brush, which give a beauty parlor like professional touch to your hair.","If you are looking for hair straighteners online, then you have come to the right place. The Panasonic EH KA31 Hair Styler enables you to achieve a salon like looks from the comfort of your home. The device allows you to fashion a broad range of hairstyles with its wide array of attachments. This hair styler machine comes with a blow brush, an air iron",754,75,,,,,In Stock,1,,https://cf5.s3.souqcdn.com/item/2016/06/28/60/69/82/6/item_XL_6069826_15068470.jpg,,,,Panasonic,Panasonic,,,
1,Hair Style,Panasonic ES2265 Body Shaver & Beard Trimmer 2-in-1 Wet & Dry With Charging Stand,"The Panasonic ES2265 2 in 1 Body Shaver and Beard Trimmer is designed to get rid of hair on your body and face while in or out of the shower. Its excellent design and innovative features make either job simple. The body of this Panasonic shaver and trimmer has an extendable handle, which lets you reach to difficult body zones like your back. Moreover, its hypoallergenic blades go gentle on the skin and prevents irritation or bruises. Available in a blue and silver color, this 2 in 1 body shaver cum trimmer offers up to 50 minutes of usage time with just 5 hours of charging.

SKIN FRIENDLY
The Panasonic wet dry shaver and trimmer is made up of hypoallergenic, stainless steel blades that is gentle on the skin. It prevents skin irritation, and also protects it from cuts or nicks. This unit can be used wet or dry, and works well in the shower too, giving you the freedom to use it the way you want.

HIGHLY FLEXIBLE
This Panasonic body shaver is made with a three way flexible and extendable handle that reaches even the most challenging zones easily. The handle can extend up to 75mm and bends in 6 places. Additionally, the three combs allow trimming of hair from 2 to 14mm in length.
","The Panasonic ES2265 2 in 1 Body Shaver and Beard Trimmer is designed to get rid of hair on your body and face while in or out of the shower. Its excellent design and innovative features make either job simple. The body of this Panasonic shaver and trimmer has an extendable handle, which lets you reach to difficult body zones like your back",755,140,,,,,In Stock,1,,https://cf5.s3.souqcdn.com/item/2015/09/10/90/41/47/0/item_XXL_9041470_9424698.jpg,,,,Panasonic,Panasonic,,,
1,Hair Style,"Panasonic EH-KE46 Hair Styler 4 in 1 , Ionity","BRAND : PANASONIC 
MODEL NUMBER    : EH-KE46
TYPE : HAIR STYLER 4 IN 1 , IONITY
ENJOY VERSATILE STYLING AND SHINY HAIR
NEGATIVE IONS LETS YOU CREATE GORGEOUS STYLES AND STILL BE KIND TO YOUR HAIR
AS YOU BLOW OUT YOUR HAIR, YOUR HAIR IS LEFT FULL-BODIED, GLOSSY, AND PERFECTLY STYLED
3 SETTING MODES FOR VERSATILE STYLING
SET MODE 0 OFF
SET MODE 1 FOR EASY STYLING
SET MODE 2 FOR FAST DRYING
EASY TO CLEAN DETACHABLE FILTER
ROTARY POWER CORD
ION CONDITIONING FOR GLOSSY HAIR
STYLE YOUR HAIR ANY WAY YOU LIKE
USING DIFFERENT 4 ATTACHMENTS , YOU CAN STYLE YOUR HAIR IN LOTS OF DIFFERENT WAYS
NO. 1 : BLOW BRUSH FOR STRAIGHTENING
NO. 2 : ROLLER BRUSH FOR NATURAL STRAIGHT HAIR OR BIG CURLS
NO. 3 : SLIM ROLLER BRUSH FOR VOLUME AND WAVES OR CURLS
NO. 4 : NOZZLE FOR QUICK BLOW DRYING 
WEIGHT    APROX. : 218 G ( WITHOUT POWER CODE & BRUSH )
MADE IN THAILAND","BRAND : PANASONIC 
MODEL NUMBER    : EH-KE46
TYPE : HAIR STYLER 4 IN 1 , IONITY
ENJOY VERSATILE STYLING AND SHINY HAIR
NEGATIVE IONS LETS YOU CREATE GORGEOUS STYLES AND STILL BE KIND TO YOUR HAIR
AS YOU BLOW OUT YOUR HAIR, YOUR HAIR IS LEFT FULL-BODIED, GLOSSY, AND PERFECTLY STYLED
3 SETTING MODES FOR VERSATILE STYLING
SET MODE 0 OFF
SET MODE 1 FOR EASY STYLING
SET MODE 2 FOR FAST DRYING
EASY TO CLEAN DETACHABLE FILTER
ROTARY POWER CORD
ION CONDITIONING FOR GLOSSY HAIR
STYLE YOUR HAIR ANY WAY YOU LIKE
USING DIFFERENT 4 ATTACHMENTS , YOU CAN STYLE YOUR HAIR IN LOTS OF DIFFERENT WAYS
NO. 1 : BLOW BRUSH FOR STRAIGHTENING
NO. 2 : ROLLER BRUSH FOR NATURAL STRAIGHT HAIR OR BIG CURLS
NO. 3 : SLIM ROLLER BRUSH FOR VOLUME AND WAVES OR CURLS
NO. 4 : NOZZLE FOR QUICK BLOW DRYING 
WEIGHT    APROX. : 218 G ( WITHOUT POWER CODE & BRUSH )
MADE IN THAILAND",756,105,,,,,In Stock,1,,https://cf1.s3.souqcdn.com/item/2015/01/26/77/33/61/0/item_XL_7733610_6753767.jpg,,,,Panasonic,Panasonic,,,
1,Hair Style,"Babyliss Multi Styler Curling Iron Hair Curler - BAB-MS21SDE, Silver","Babyliss pro styler features six distinct style settings to help you achieve the hairstyle you want. This Babyliss hair styler comes with various accessories.The Babyliss BAB MS21SDE Multi Styler Curling Iron Hair Curler comes with a sophisticated assortment of multiple styling ranges, which allows you to style your hair in multiple ways. Be it straightening the ends or creating pretty curls this hair styler delivers superior end results within moments. It has straightening, curling, crimping, and spiral plates as well as hair pins. The styler comes with over six different style settings to help you achieve a perfect hairstyle. These plates, in scarlet and pink shades, have a variable setting in 32mm and 19mm dimension with three clips for extra hold. Available in a dominant silver finish, Babyliss BAB MS21SDE multi styler curling iron hair styler comes with a storage pouch for easy storage. Ideal Build This Babyliss pro styler comes with a unique to secure the various plates on safely. Sweep across the whole range of temperature settings with a Smart know wheel. The thermoset plastic build of the appliance has been reinforced with ceramic to offer extra protection against heat. This rugged design also makes the styler shock proof and break proof against fall. Versatile Use This Babyliss hair styler lets you play around with an array of styling range by offering up to one hundred and eighty degrees of heating performance. The six different style settings help you achieve perfect hairstyle while the excellently shaped heating plates provide seamless gliding operation from start to finish. The Smart know wheel lets you quickly change the temperature settings without a pause. The styler comes with various accessories such as ceramic straightener, and ceramic hair iron among others.","Babyliss pro styler features six distinct style settings to help you achieve the hairstyle you want. This Babyliss hair styler comes with various accessories.The Babyliss BAB MS21SDE Multi Styler Curling Iron Hair Curler comes with a sophisticated assortment of multiple styling ranges, which allows you to style your hair in multiple ways. Be it straightening the ends or creating pretty curls this hair styler delivers superior end results within moments. It has straightening, curling, crimping, and spiral plates as well as hair pins. The styler comes with over six different style settings to help you achieve a perfect hairstyle. These plates, in scarlet and pink shades, have a variable setting in 32mm and 19mm dimension with three clips for extra hold. Available in a dominant silver finish, Babyliss BAB MS21SDE multi styler curling iron hair styler comes with a storage pouch for easy storage. Ideal Build This Babyliss pro styler comes with a unique to secure the various plates on safely. Sweep across the whole range of temperature settings with a Smart know wheel. The thermoset plastic build of the appliance has been reinforced with ceramic to offer extra protection against heat. This rugged design also makes the styler shock proof and break proof against fall. Versatile Use This Babyliss hair styler lets you play around with an array of styling range by offering up to one hundred and eighty degrees of heating performance. The six different style settings help you achieve perfect hairstyle while the excellently shaped heating plates provide seamless gliding operation from start to finish. The Smart know wheel lets you quickly change the temperature settings without a pause. The styler comes with various accessories such as ceramic straightener, and ceramic hair iron among others.",757,110,,,,,In Stock,1,,https://cf3.s3.souqcdn.com/item/2018/09/23/64/77/29/7/item_XL_6477297_151392506.jpg,,,,Babyliss,Babyliss,,,
1,Personal Care,Braun Series 9 9240s Electric Wet & Dry Foil Shaver With Charging Stand,"Electric shaver with 5 shaving elements specialised to capture different types of facial hair
SyncroSonic technology automatically adapts to your beard and provides extra power exactly where you need it to remove more hair in one stroke
Shaves in straight lines, offering unmatched skin comfort and reduced risk of skin irritation
In an attractive, highly durable, corrosion-resistant titanium coating that protects the trimmer
Includes a compact charging stand that ensures your shaver is always fully charged and ready to use
Can be used for both dry and wet shaving with water, foam, or gel for even better gliding

Braun Series 9 is the world's most efficient and comfortable shaver (proven on 3-day beards vs. leading premium tier products). With fully flexible head and floating shaving elements, Series 9 9240s delivers a close, smooth shave and an unmatched skin comfort. Patented SyncroSonic technology reads and automatically adapts to your beard, providing extra power where needed. Additionally, the shaver is equipped with a convenient charging stand to ensure that your shaver is always fully charged and ready to use. Braun Series 9 provides a close, comfortable shave without any compromises.","Braun Series 9 is the world's most efficient and comfortable shaver (proven on 3-day beards vs. leading premium tier products). With fully flexible head and floating shaving elements, Series 9 9240s delivers a close, smooth shave and an unmatched skin comfort. Patented SyncroSonic technology reads and automatically adapts to your beard, providing extra power where needed. Additionally, the shaver is equipped with a convenient charging stand to ensure that your shaver is always fully charged and ready to use. Braun Series 9 provides a close, comfortable shave without any compromises.",758,865,,,,,In Stock,1,,https://cf3.s3.souqcdn.com/item/2019/01/30/22/23/46/26/item_XL_22234626_47381c1913e2b.jpg,,,,Braun,Braun,,,
1,Personal Care,Braun Series 9 9290cc Electric Wet & Dry Foil Shaver With Clean & Charge Station,"Brand : Braun
Series 9 - World’s most efficient shaver
Exceptionally gentle. With SyncroSonic™ technology and a Titanium coated middle trimmer
Five specialized shaving elements capture more hair in one stroke for fewer strokes and less skin irritation
SyncroSonic™ Technology 
Our patented technology reads and automatically adapts to your beard
Precision trimmer
The integrated and skin-friendly precision trimmer slides out of the back of the shaver for easy and more accurate sideburn shaping.
MultiHeadLock
The easily accessible MultiHeadLock locks the fully flexible shaver head in five positions to achieve a more precise shave. This is especially helpful when shaving hard to reach areas, like under the jawline and under the nose.
Grip for secure handling
The rubberized, textured grip zone features Braun‘s signature dot pattern. It ensures safe and confident handling even in wet conditions.
100% waterproof
Experience premium German engineering quality. All Braun shavers are waterproof up to 5 metres , so you can conveniently rinse them under running water or even shave under the shower
Wet&Dry usage
Shave wet or dry
With Series 9 you can shave dry or use water, foam or gel for even better gliding and a smoother skin feeling.
Powerful rechargeable Li-Ion battery
50min cordless shaving
The state-of-the-art Li-Ion battery never loses performance and fully recharges in one hour. The premium LED display counts down the remaining minutes of shave time.
LED display
All information at a single glance: the precise LED display shows battery status, hygiene status and travel lock indicator.
Running/Charging time
Fully charged in 1 hour
Shaves for 50 minutes
State of the art Li-Ion battery delivers power reliably
Quick-charge for one shave in only 5 minutes","Brand : Braun
Series 9 - World’s most efficient shaver
Exceptionally gentle. With SyncroSonic™ technology and a Titanium coated middle trimmer
Five specialized shaving elements capture more hair in one stroke for fewer strokes and less skin irritation
SyncroSonic™ Technology 
Our patented technology reads and automatically adapts to your beard
Precision trimmer
The integrated and skin-friendly precision trimmer slides out of the back of the shaver for easy and more accurate sideburn shaping.
MultiHeadLock
The easily accessible MultiHeadLock locks the fully flexible shaver head in five positions to achieve a more precise shave. This is especially helpful when shaving hard to reach areas, like under the jawline and under the nose.
Grip for secure handling
The rubberized, textured grip zone features Braun‘s signature dot pattern. It ensures safe and confident handling even in wet conditions.
100% waterproof
Experience premium German engineering quality. All Braun shavers are waterproof up to 5 metres , so you can conveniently rinse them under running water or even shave under the shower
Wet&Dry usage
Shave wet or dry
With Series 9 you can shave dry or use water, foam or gel for even better gliding and a smoother skin feeling.
Powerful rechargeable Li-Ion battery
50min cordless shaving
The state-of-the-art Li-Ion battery never loses performance and fully recharges in one hour. The premium LED display counts down the remaining minutes of shave time.
LED display
All information at a single glance: the precise LED display shows battery status, hygiene status and travel lock indicator.
Running/Charging time
Fully charged in 1 hour
Shaves for 50 minutes
State of the art Li-Ion battery delivers power reliably
Quick-charge for one shave in only 5 minutes",759,935,,,,,In Stock,1,,https://cf5.s3.souqcdn.com/item/2019/01/30/22/19/89/32/item_XL_22198932_9353f20976557.jpg,,,,Braun,Braun,,,
1,Personal Care,Braun Series 8 8390cc Wet & Dry Shaver With Clean & Charge System And Travel Case – Silver,The Braun Series 8 electric shaver offers a precise and comfortable shave. The precise head captures hair in even the most difficult areas to achieve flawless results. Sonic technology creates micro-vibrations so that the electric shaving head glides over your skin while shaving. This precision shaving head is suitable for wet and dry shaving,The Braun Series 8 electric shaver offers a precise and comfortable shave. The precise head captures hair in even the most difficult areas to achieve flawless results. Sonic technology creates micro-vibrations so that the electric shaving head glides over your skin while shaving. This precision shaving head is suitable for wet and dry shaving,760,945,,,,,In Stock,1,,https://cf1.s3.souqcdn.com/item/2020/07/18/13/14/86/94/3/item_XL_131486943_c483597ec1105.jpg,,,,Braun,Braun,,,
1,Personal Care,Braun Beard Trimmer BT3222 with precision dial and 1 comb – Perfect beard. Easy. Fast. Precise.,"Precision wheel with 20 length settings for a smooth trimming experience
Lifetime sharp blades for trimming beard and hair
German technology and ergonomic shape for up to 50 minutes of wireless trimming","Precision wheel with 20 length settings for a smooth trimming experience
Lifetime sharp blades for trimming beard and hair
German technology and ergonomic shape for up to 50 minutes of wireless trimming",761,100,,,,,In Stock,1,,https://cf5.s3.souqcdn.com/item/2020/08/26/13/14/86/95/0/item_XL_131486950_d9d4f2f8eba0a.jpg,,,,Braun ,Braun ,,,
1,Personal Care,"Braun All-in-one trimmer MGK3220, 6-in-1 Hair Clippers for Men, Beard Trimmer, Ear and Nose Trimmer, Cordless & Rechargeable","Rechargeable all-in-one trimmer with unprecedented cutting performance vs. previous generations of Braun beard trimmers
6-in-1 beard trimmer, face and hair trimmer for men's grooming
Lifetime Sharp Blades & 13 length settings for ultimate styling precision
NiMH battery for 50 minutes of trimming with 10h charge
Designed and engineered in Germany by Braun","Rechargeable all-in-one trimmer with unprecedented cutting performance vs. previous generations of Braun beard trimmers
6-in-1 beard trimmer, face and hair trimmer for men's grooming
Lifetime Sharp Blades & 13 length settings for ultimate styling precision
NiMH battery for 50 minutes of trimming with 10h charge
Designed and engineered in Germany by Braun",762,110,,,,,In Stock,1,,https://images-na.ssl-images-amazon.com/images/I/81Ig3Z24rrL._SL1500_.jpg,,,,Braun,Braun,,,
1,Personal Care,"Braun Series 3 Shave & Style 310BT Wet & Dry razor with precision beard trimmer and 5 comb attachments, black / blue","Manufacturer Number : 310BT
External Product ID : 4210201163367
Model Number : 310BT
Number of Speed Settings : 1
Brand : Braun
Targeted Group : Men
Number of Heads : 2
Operating Function : Wet & Dry
Type : Multi Usage
External Product ID Type : EAN-13
Power Source : Battery","Manufacturer Number : 310BT
External Product ID : 4210201163367
Model Number : 310BT
Number of Speed Settings : 1
Brand : Braun
Targeted Group : Men
Number of Heads : 2
Operating Function : Wet & Dry
Type : Multi Usage
External Product ID Type : EAN-13
Power Source : Battery",763,205,,,,,In Stock,1,,https://cf3.s3.souqcdn.com/item/2020/05/16/12/50/51/55/1/item_XL_125051551_15a1b7ed24cf7.jpg,,,,Braun,Braun,,,
1,Personal Care,"Braun MGK3921TS All-in-One Trimmer For Men, 6 in 1 - Black and Green","Brand : Braun
Manufacturer Number : MGK3921 TS
Power Source : Battery
Number of Speed Settings : 1
Model Number : MGK3921 TS
Type : Multi Usage
Targeted Group : Men
Operating Function : Dry
Number of Heads : 2
Are batteries needed to power the product or is this product a battery : Yes
Is this a Dangerous Good or a Hazardous Material, Substance or Waste that is regulated for transportation","Brand : Braun
Manufacturer Number : MGK3921 TS
Power Source : Battery
Number of Speed Settings : 1
Model Number : MGK3921 TS
Type : Multi Usage
Targeted Group : Men
Operating Function : Dry
Number of Heads : 2
Are batteries needed to power the product or is this product a battery : Yes
Is this a Dangerous Good or a Hazardous Material, Substance or Waste that is regulated for transportation",764,165,,,,,In Stock,1,,https://cf2.s3.souqcdn.com/item/2020/05/15/12/44/97/46/0/item_XL_124497460_51ffa2a13854b.jpg,,,,Braun,Braun,,,
1,Personal Care,"Braun All-in-one trimmer MGK5280, 9-in-1 trimmer, 7 attachments and Gillette Fusion5 ProGlide razor","Manufacturer Number : MGK5280
Model Number : MGK5280
External Product ID : 4210201218784
Number of Speed Settings : 1
Brand : Braun
Targeted Group : Men
Number of Heads : 1
Operating Function : Wet & Dry
External Product ID Type : EAN-13
Type : Multi Usage
Power Source : Battery","Manufacturer Number : MGK5280
Model Number : MGK5280
External Product ID : 4210201218784
Number of Speed Settings : 1
Brand : Braun
Targeted Group : Men
Number of Heads : 1
Operating Function : Wet & Dry
External Product ID Type : EAN-13
Type : Multi Usage
Power Source : Battery",765,220,,,,,In Stock,1,,https://cf5.s3.souqcdn.com/item/2020/05/24/12/27/52/00/2/item_XL_122752002_56acfa27d30cb.jpg,,,,Braun,Braun,,,
1,Personal Care,Braun Silk-épil 9 9-558 Wet & Dry Cordless epilator with 5 extras including a face epilator,"The 40% wider epilation head removes more hair in one stroke*, even the shortest that waxing cannot catch (* vs other Braun epilators)
Cordless Wet & Dry use – Virtually painless with regular use
Includes a facial epilator to precisely remove even the finest facial hair from the root for long lasting smooth skin
With 3 extras: a face epilator, a high frequency massage cap and a skin contact cap

Braun introduces Silk-épil 9, the new standard of epilation excellence with a wide epilation head for faster results and breakthrough MicroGrip tweezer technology. With a 40% wider head*, the new Silk-épil 9 covers more area and removes more hair in one stroke for faster epilation. The MicroGrip tweezer technology introduces Braun's most innovative tweezers with an improved geometry to increase the plucking and feeding performance and gently remove more hairs in one stroke. The combination of these two features results in faster hair removal, even on the shortest hairs (0.5mm) that wax cannot catch, for up to 4 weeks of smooth skin. The Wet & Dry cordless usage allows you to use it in the bath or shower for a gentler epilation. When used regularly, epilation is virtually painless. The Bonus Edition features a face epilator that precisely removes finest facial hair from the root for up to 4 weeks of smooth skin and a flawless beauty from head to toe. *vs other Braun epilators","The 40% wider epilation head removes more hair in one stroke*, even the shortest that waxing cannot catch (* vs other Braun epilators)
Cordless Wet & Dry use – Virtually painless with regular use
Includes a facial epilator to precisely remove even the finest facial hair from the root for long lasting smooth skin",766,355,,,,,In Stock,1,,https://cf4.s3.souqcdn.com/item/2019/02/14/23/81/16/65/item_XL_23811665_5f3ef5360ea72.jpg,,,,Braun,Braun,,,
1,Personal Care,Braun Silk-epil 5 5-541 Wet & Dry Epilator With 4 Extras including a Shaver Head and a Trimmer Cap,"The comfort of Wet And Dry

In your bath or in your shower, warm water helps you relax and makes it even more comfortable.
Micro-grip Technology

Efficiently removes hair by the root for long lasting smoothness.
Skin Contact cap

Improved handling and adaptation to all body areas.
High Frequency Massage System

Stimulates the skin for a more comfortable experience.
Never lose control

With the anti-slip grip. Better control, even in wet conditions.
Long-lasting battery

Charges in only 1 hour for 30 minutes of use.
Choose your speed

2 speed settings for adaption to your individual skin type.","In your bath or in your shower, warm water helps you relax and makes it even more comfortable.
Micro-grip Technology

Efficiently removes hair by the root for long lasting smoothness.
Skin Contact cap

Improved handling and adaptation to all body areas.
High Frequency Massage System
",767,240,,,,,In Stock,1,,https://cf2.s3.souqcdn.com/item/2019/01/30/98/46/29/1/item_XL_9846291_9546974fa0be7.jpg,,,,Braun,Braun,,,
1,Personal Care,Braun Silk epil 5 SE 5-513 - Wet & Dry 2 in 1 Starter Set Cordless Epilator with 3 extras,"Up to 100% gentle hair removal in one stroke
Extra gentle wet & dry epilator for use in bath or shower
Epilation removes hair 4x shorter than wax
Virtually painless with regular use in warm water
New Starter Kit for easy epilation","Up to 100% gentle hair removal in one stroke
Extra gentle wet & dry epilator for use in bath or shower
Epilation removes hair 4x shorter than wax
Virtually painless with regular use in warm water
New Starter Kit for easy epilation",768,190,,,,,In Stock,1,,https://cf1.s3.souqcdn.com/item/2019/09/12/68/32/76/69/item_XL_68327669_9f4150f05892a.jpg,,,,Braun,Braun,,,
1,Personal Care,Braun Silk-épil 9 9-579 Bonus edition - Wet&Dry Cordless epilator with 7 extras including a facial cleansing brush,"With 7 extras including a high frequency massage cap, 3 different caps, shaver head & Braun Facial Cleanser with micro-oscillations that works 6x better than a manual wash and cleanses your skin pore deep
Braun’s fastest & most precise epilator
Revolutionary MicroGrip Tweezer Technology with wider, longer and deeper tweezers increases epilation performance","With 7 extras including a high frequency massage cap, 3 different caps, shaver head & Braun Facial Cleanser with micro-oscillations that works 6x better than a manual wash and cleanses your skin pore deep
Braun’s fastest & most precise epilator
Revolutionary MicroGrip Tweezer Technology with wider, longer and deeper tweezers increases epilation performance",769,450,,,,,In Stock,1,,https://cf3.s3.souqcdn.com/item/2019/01/30/80/60/46/7/item_XL_8060467_005be8a35a33b.jpg,,,,Braun,Braun,,,
1,Personal Care,Braun Silk-epil 9 SkinSpa 9-961e 4-in-1 Wet&Dry Epilator And Exfoliation System + 6 Extras,"1. Epilation gives you instantly smooth skin that’s lasts up to 4 weeks.
2. Braun Silk-épil epilators remove 4x shorter hair than wax (0.5mm).
3. Silk-epilators feature a massage attachment that helps to reduce discomfort. When done regularly, epilation becomes virtually painless.
4. Epilation helps hair grow back lighter and less noticeable.
5. It’s not just for legs – the different attachments are designed for use on underarms, arms, face and bikini area.
6. It’s great for sensitive skin because it doesn’t pull the skin when removing the hair.
7. Epilation is a suitable hair removal method for all women and all skin types.","1. Epilation gives you instantly smooth skin that’s lasts up to 4 weeks.
2. Braun Silk-épil epilators remove 4x shorter hair than wax (0.5mm).
3. Silk-epilators feature a massage attachment that helps to reduce discomfort. When done regularly, epilation becomes virtually painless.
4. Epilation helps hair grow back lighter and less noticeable.
5. It’s not just for legs – the different attachments are designed for use on underarms, arms, face and bikini area.
6. It’s great for sensitive skin because it doesn’t pull the skin when removing the hair.
7. Epilation is a suitable hair removal method for all women and all skin types.",779,450,,,,,In Stock,1,,https://cf4.s3.souqcdn.com/item/2019/01/30/81/04/96/6/item_XL_8104966_61efb0d047135.jpg,,,,Braun,Braun,,,
1,Personal Care,Braun Silk-expert BD5001 IPL With Gillette Venus Razor,"Using Braun Silk-expert IPL results in permanent visible hair removal in as little as 4 weeks
2. Braun's exclusive SensoAdapt™ technology tailors the IPL treatment specifically to your skin tone and it is suitable for body and face treatments
3. It uses the same principles as professional salon IPL treatments, all in the comfort of your own home
4. Braun Silk-expert is the fastest IPL technology on the market. Legs can be treated in just 10 minutes!
5. Clinically tested by experts, treatments are gentle and virtually painless
6. The IPL device is corded for uninterrupted treatments with maximum power
7. Compared to professional laser or wax treatments, Braun Silk-expert IPL is a cost effective home hair removal method","Using Braun Silk-expert IPL results in permanent visible hair removal in as little as 4 weeks
2. Braun's exclusive SensoAdapt™ technology tailors the IPL treatment specifically to your skin tone and it is suitable for body and face treatments
3. It uses the same principles as professional salon IPL treatments, all in the comfort of your own home
4. Braun Silk-expert is the fastest IPL technology on the market. Legs can be treated in just 10 minutes!
5. Clinically tested by experts, treatments are gentle and virtually painless
6. The IPL device is corded for uninterrupted treatments with maximum power
7. Compared to professional laser or wax treatments, Braun Silk-expert IPL is a cost effective home hair removal method",780,1155,,,,,In Stock,1,,https://cf1.s3.souqcdn.com/item/2019/02/17/10/36/15/94/item_XL_10361594_b69f6852d0ab3.jpg,,,,Braun,Braun,,,
1,Personal Care,"Braun Silk·expert 3 IPL Hair Removal BD 3001, White/Violett + Gillette Venus Razor ","Permanent hair reduction in just 3 months; assessed on lower leg, armpits & bikini, following the treatment schedule. Individual results may vary
The safest IPL (Intense Pulse Light) technology, clinically tested for permanent visible hair removal. Recommended by Skin Health Alliance
STreats your lower leg in just 10 minutes","Permanent hair reduction in just 3 months; assessed on lower leg, armpits & bikini, following the treatment schedule. Individual results may vary
The safest IPL (Intense Pulse Light) technology, clinically tested for permanent visible hair removal. Recommended by Skin Health Alliance
STreats your lower leg in just 10 minutes",781,825,,,,,In Stock,1,,https://cf2.s3.souqcdn.com/item/2019/02/19/22/49/27/00/item_XL_22492700_8e483342648ce.jpg,,,,Braun,Braun,,,
1,Personal Care,Braun BT5050 Beard Trimmer With 2 Comb Attachments + Soft Bag,"ULTRA SHARP BLADES FOR PRECISION CUTTING.
The blades of the Braun Beard Trimmer are engineered to last a lifetime, providing the high performance precision you need to achieve your style every day. The ultra-sharp stainless steel trimming elements cut through long or thick hair without any pulling or tugging.

WET SHAVE.
Equipped with Gillette’s advanced shaving technology, the Braun Body Groomer gives you a close and smooth shave. The 5 special blades are spaced close together to reduce pressure and offer maximum shaving comfort with minimal skin irritation. Wet shaving allows you to shave larger areas swiftly and in only one stroke for convenience.","ULTRA SHARP BLADES FOR PRECISION CUTTING.
The blades of the Braun Beard Trimmer are engineered to last a lifetime, providing the high performance precision you need to achieve your style every day. The ultra-sharp stainless steel trimming elements cut through long or thick hair without any pulling or tugging.

WET SHAVE.
Equipped with Gillette’s advanced shaving technology, the Braun Body Groomer gives you a close and smooth shave. The 5 special blades are spaced close together to reduce pressure and offer maximum shaving comfort with minimal skin irritation. Wet shaving allows you to shave larger areas swiftly and in only one stroke for convenience.",782,155,,,,,In Stock,1,,https://cf1.s3.souqcdn.com/item/2019/01/30/10/36/15/96/item_XL_10361596_29b3e8a7c363b.jpg,,,,Braun,Braun,,,
1,Personal Care,Braun Beard Trimmer BT3020 – Perfect beard. Easy. Fast. Precise.,"Beard trimmer with 20 precision length settings in 0.5mm steps from 0.5-10mm for ultimate precision
Ultimate precision with lifetime lasting sharp blades
Fully washable head and comb for easy cleaning under running water
Lifetime lasting power - 40 minutes of precision trimming from a 10 hour charge
LED charging indicator displaying battery status
Perfect for beard & stubble trimming and contour edging","The Braun Beard Trimmer BT3020 is the perfect tool for precise facial styling. With 20 length settings, its smart Precision Dial guarantees 100% control of your style. The detachable trimming comb combined with the Precision Dial allows you to evenly trim your stubble, maintain your beard or effortlessly define contours and edges. Braun's Beard Trimmer gives you the fundamentals of any ",783,95,,,,,In Stock,1,,https://cf1.s3.souqcdn.com/item/2019/01/30/22/50/34/33/item_XL_22503433_986e98699d5f2.jpg,,,,Braun,Braun,,,
1,Personal Care,Braun Series 3 Shave&Style 3000BT Shaver with Trimmer Head and 5 Combs,"3 in 1 precision styling tool
MicroComb technology. Catches and feeds more hair for a faster shave
Triple Action Cutting System
2x Senso Foil
Shave wet or dry
100% waterproof
LED display
Rechargeable Ni-MH battery
Running / Charging time : Full charge in 1 hour for 45 min
Automatic voltage adaptation
Cordless shaving","3 in 1 precision styling tool
MicroComb technology. Catches and feeds more hair for a faster shave
Triple Action Cutting System
2x Senso Foil
Shave wet or dry
100% waterproof
LED display
Rechargeable Ni-MH battery
Running / Charging time : Full charge in 1 hour for 45 min
Automatic voltage adaptation
Cordless shaving",784,220,,,,,In Stock,1,,https://cf1.s3.souqcdn.com/item/2017/04/17/22/49/26/34/item_XL_22492634_30720927.jpg,,,,Braun,Braun,,,
1,Personal Care,Braun FG1100 Bikini Styler – Pink,"Simply put, the Braun Silk-epil FG 1100 Bikini Styler is the only hair-removal tool that offers true shaving precision in the bikini zone. Its high-precision head allows for easy, detailed styling, helping you further express your creativity and personality. Versatile and capable, this must-have styling companion comes packaged with ten beauty templates for shaping, two trimming combs, and two trimming heads to help you achieve your best look.","Simply put, the Braun Silk-epil FG 1100 Bikini Styler is the only hair-removal tool that offers true shaving precision in the bikini zone. Its high-precision head allows for easy, detailed styling, helping you further express your creativity and personality. Versatile and capable, this must-have styling companion comes packaged with ten beauty templates for shaping, two trimming combs, and two trimming heads to help you achieve your best look.",785,55,,,,,In Stock,1,,https://eg.jumia.is/unsafe/fit-in/680x680/filters:fill(white)/product/44/985091/1.jpg?1893,,,,Braun,Braun,,,
1,Personal Care,"Braun 9-in-1 All-in-one trimmer MGK5080 Beard Trimmer & Hair Clipper, Body Groomer, Ear & Nose Hair Trimmer, Detail Trimmer Attachment, Black/Blue","13 length settings with only 4 combs for a range of different beard & hair styles
9-in-1 kit includes face & beard trimmer, hair trimmer, body groomer, ear & nose trimmer, clean shave razor
Autosensing motor ensuring constant cutting speed for an efficient trim through dense and long beards
Li-ion+ battery for 150 percent* longer running time. 100 percent washable rechargeable trimmer. The Braun All-in-one trimmer automatically adapts to any voltage between 100V and 240V
Free Gillette Fusion5 ProGlide razor with Flexball technology for clean shaving on neck and face","13 length settings with only 4 combs for a range of different beard & hair styles
9-in-1 kit includes face & beard trimmer, hair trimmer, body groomer, ear & nose trimmer, clean shave razor
Autosensing motor ensuring constant cutting speed for an efficient trim through dense and long beards
Li-ion+ battery for 150 percent* longer running time. 100 percent washable rechargeable trimmer. The Braun All-in-one trimmer automatically adapts to any voltage between 100V and 240V
Free Gillette Fusion5 ProGlide razor with Flexball technology for clean shaving on neck and face",786,225,,,,,In Stock,1,,https://images-na.ssl-images-amazon.com/images/I/71K5JZU2DxL._SL1500_.jpg,,,,Braun,Braun,,,
1,Personal Care,Braun BT3940TS Beard Trimmer For Men - Black/Blue plus Gillette Fusion5 ProGlide Men's Razor,"
1,077.00 EGP 
1,899.00 EGP   - You Save 822.00 EGP
All prices include VAT  Details
FREE Shipping Details
BrandBraun
Manufacturer NumberBT3940TS
Power SourceBattery
Number of Speed Settings1
Description:
Braun BT3940TS Beard Trimmer For Men - Black/Blue plus Gillette Fusion5 ProGlide Men's Razor

 

Brand : Braun

Power Source : Battery

Number of Speed Settings : 1

Model Number : BT3940TS

Type : Clipper & Trimmer

Targeted Group : Men

Operating Function : Wet & Dry

Number of Heads : 1

Ultimate precision for 100% control of your style

Maximum precision, amazingly simple","
1,077.00 EGP 
1,899.00 EGP   - You Save 822.00 EGP
All prices include VAT  Details
FREE Shipping Details
BrandBraun
Manufacturer NumberBT3940TS
Power SourceBattery
Number of Speed Settings1
Description:
Braun BT3940TS Beard Trimmer For Men - Black/Blue plus Gillette Fusion5 ProGlide Men's Razor

 

Brand : Braun

Power Source : Battery

Number of Speed Settings : 1

Model Number : BT3940TS

Type : Clipper & Trimmer

Targeted Group : Men

Operating Function : Wet & Dry

Number of Heads : 1

Ultimate precision for 100% control of your style

Maximum precision, amazingly simple",787,185,,,,,In Stock,1,,https://cf3.s3.souqcdn.com/item/2019/04/21/48/36/79/21/item_XL_48367921_6a5db21da9208.jpg,,,,Braun,Braun,,,
1,Personal Care,Braun Silk-épil 5 5-511 – Wet&Dry Cordless Epilator Starter kit including new beginner cap,"Designed for extra gentle hair removalIdeal for women who are new to epilation, Silk-√©pil 5 Wet & Dry can be used in the bath or shower for extra comfort and convenience. The combination of warm water and Braun‚Äôs high frequency massage system will help to soothe and relax your skin and make the epilation experience more comfortable","Designed for extra gentle hair removalIdeal for women who are new to epilation, Silk-√©pil 5 Wet & Dry can be used in the bath or shower for extra comfort and convenience. The combination of warm water and Braun‚Äôs high frequency massage system will help to soothe and relax your skin and make the epilation experience more comfortable",788,180,,,,,In Stock,1,,https://cf4.s3.souqcdn.com/item/2019/01/30/96/26/31/5/item_XL_9626315_59919442257fc.jpg,,,,Braun,Braun,,,
1,Personal Care,Braun Satin Hair 1 HD130 Style&Go travel dryer,"The Braun HD130 Satin Hair Dryer is the perfect device for your hair drying needs. It gives an incredible performance and dries your hair in no time. At the same time, this Braun hair drying device does not compromise on the safety and health of your locks. Moreover, this hair dryer has two temperature settings that ensure drying, stain and styling flexibility of your hair. Furthermore, you can easily use this Braun hair dryer while traveling or while you are away from home. This satin hair dryer has a light weighing and compact design that allows you to pack it in your travel bag easily. Additionally, this hair drying device uses 1200W power for delivering an effective and consistent performance. Along with this, the smooth black finish gives this device a breathtaking appeal.","The Braun HD130 Satin Hair Dryer is the perfect device for your hair drying needs. It gives an incredible performance and dries your hair in no time. At the same time, this Braun hair drying device does not compromise on the safety and health of your locks. Moreover, this hair dryer has two temperature settings that ensure drying, stain and styling flexibility of your hair. Furthermore, you can easily use this Braun hair dryer while traveling or while you are away from home. This satin hair dryer has a light weighing and compact design that allows you to pack it in your travel bag easily. Additionally, this hair drying device uses 1200W power for delivering an effective and consistent performance. Along with this, the smooth black finish gives this device a breathtaking appeal.",789,100,,,,,In Stock,1,,https://cf2.s3.souqcdn.com/item/2019/02/14/87/53/82/4/item_XL_8753824_56e2c8b9510d4.jpg,,,,Braun,Braun,,,
1,Personal Care,Braun Satin Hair 7 BR710 IONTEC Brush,"With no burrs or sharp edges, the Satin Hair 7 IONTEC brush's seamless bristles are gentle on hair. Perfect for medium to thick hair, they glide smoothly for easy and fast detangling without causing damage to the hair cuticle. You'll be thrilled with the superior results!","With no burrs or sharp edges, the Satin Hair 7 IONTEC brush's seamless bristles are gentle on hair. Perfect for medium to thick hair, they glide smoothly for easy and fast detangling without causing damage to the hair cuticle. You'll be thrilled with the superior results!",790,105,,,,,In Stock,1,,https://cf5.s3.souqcdn.com/item/2016/08/02/73/86/44/2/item_XL_7386442_15690165.jpg,,,,Braun,Braun,,,
1,Personal Care,Braun Silk epil 3 3170 Legs Epilator with Massage Cap,"HOW TO EPILATE: TIPS FOR FIRST-TIME USERS
Evenings are the best time for epilation; you’re more relaxed, and any minor bumps will be gone by the morning! The best preparation is exfoliation in a warm shower. It will leave your skin clean and relaxed and helps to reduce those dreaded in-grown hairs. Use an exfoliation scrub or mitt, or we recommend our Braun Silk-épil SkinSpa innovative exfoliating brush for 4x better results than manual.

When epilating, hold your epilator so that it feels natural. Hold at a 90 degree angle to your legs and run the epilator in an upward motion, against the direction of hair growth. There’s no need to press down too hard, simply touch the epilator lightly on the skin. Braun Silk-épil’s cooling glove and massaging rollers help to minimise discomfort, and with regular use, epilation becomes virtually painless.

The golden rule is to moisturise after epilation, not before. Apply body lotion for the best results and get set for super-soft, silky skin in the morning.","Evenings are the best time for epilation; you’re more relaxed, and any minor bumps will be gone by the morning! The best preparation is exfoliation in a warm shower. It will leave your skin clean and relaxed and helps to reduce those dreaded in-grown hairs. Use an exfoliation scrub or mitt, or we recommend our Braun Silk-épil SkinSpa innovative exfoliating brush for 4x better results than manual.",791,85,,,,,In Stock,1,,https://cf4.s3.souqcdn.com/item/2019/01/30/73/83/47/9/item_XL_7383479_cb02e2c4d9596.jpg,,,,Braun,Braun,,,
1,Personal Care,Braun Silk-épil 9 9-538 Bonus edition - Wet & Dry Cordless epilator with 2 extras including a face Epilator,"Braun Silk-√©pil 9 9-538 Wet&Dry Epilator removes more hair in one stroke for up to 4 weeks of smooth skin. The 40% wider head ensures even more hairs are captured and removed in one stroke, while the revolutionary MicroGrip Tweezer Technology with wider, longer and deeper tweezers increases epilations performance","Braun Silk-√©pil 9 9-538 Wet&Dry Epilator removes more hair in one stroke for up to 4 weeks of smooth skin. The 40% wider head ensures even more hairs are captured and removed in one stroke, while the revolutionary MicroGrip Tweezer Technology with wider, longer and deeper tweezers increases epilations performance",792,335,,,,,In Stock,1,,https://cf1.s3.souqcdn.com/item/2019/01/30/90/75/06/0/item_XL_9075060_23e2107254606.jpg,,,,Braun,Braun,,,
1,Personal Care,Braun 130-s1 Series 1 130s-1 Shaver- Mains Only Shaver,"Designed to give you an ultra close shave, the Braun 130S-1 Shaver features a slim, precision head for a smooth and comfortable shave, even in those hard-to-reach areas. Boasting a foil system, the shaver also features a pop up trimmer for sideburns and moustaches. Designed for dry use, this corded shaver is also ergonomically designed for complete comfort and control. - L.M. Features: Braun 130S-1 Shaver Ultra thin foil Slim, precision head Pop up trimmer for sideburns and moustaches Dry use Corded Washable Includes slidable long hair trimmer and a cleaning brush","Designed to give you an ultra close shave, the Braun 130S-1 Shaver features a slim, precision head for a smooth and comfortable shave, even in those hard-to-reach areas. Boasting a foil system, the shaver also features a pop up trimmer for sideburns and moustaches. Designed for dry use, this corded shaver is also ergonomically designed for complete comfort and control. - L.M. Features: Braun 130S-1 Shaver Ultra thin foil Slim, precision head Pop up trimmer for sideburns and moustaches Dry use Corded Washable Includes slidable long hair trimmer and a cleaning brush",793,90,,,,,In Stock,1,,https://images-na.ssl-images-amazon.com/images/I/51uZ127zbEL._AC_SL1200_.jpg,,,,Braun,Braun,,,
1,Personal Care,Philips BG3010 Showerproof Body Groomer + Free Bag,"Smooth body shaveDesigned to protect even in sensitive areasSkin friendly shaver1 click-on comb, 3mm50mins cordless use/8h charge
Confidently shave or trim all body zonesDesigned to be safe and comfortable for underarms, chest & abs, shoulders, groin area and legs. The skin friendly shaver catches and cuts hairs of different lengths, without the need for multiple tools or skin contact with sharp edges.
Rounded tips and hypoallergenic foil for skin comfortThe shaver head features patented rounded tips and a hypo-allergenic foil to protect your skin while shaving. The bi-directional trimmers cut longer hairs, which are shaved by the foil for a closer result.
Includes 1 comb for a natural trim (3mm)1 comb included for a natural 3mm trim. Attach the comb onto the shaving system, to trim hair to a fixed length of 3mm. You can use the shaving system without the comb, for a closer result. For thicker hair, pre-trimming with the comb is recommended.
50 minutes cordless use after an 8-hour chargeHigh-power rechargeable battery for full body use, with 50 minutes of cordless use after an 8-hour charge. The battery light indicates power status, when the battery is low or full.
Easy to clean and use in or out of the showerProvides a comfortable and close result in or out of the shower. The body groomer is fully water-resistant, so you can simply rinse it clean when you've finished. For longer hair, trimming performance may be better on dry hair.
Ergonomic grip for maximum controlThe rubber grip is designed to ensure optimal handling even when wet, for better control during use, in or out of the shower.
2 year guarantee, worldwide voltage, no oil neededAll of our grooming products are built to last. They come with a 2 year worldwide guarantee, worldwide voltage compatibility, and they never need to be oiled.","Smooth body shaveDesigned to protect even in sensitive areasSkin friendly shaver1 click-on comb, 3mm50mins cordless use/8h charge
Confidently shave or trim all body zonesDesigned to be safe and comfortable for underarms, chest & abs, shoulders, groin area and legs. The skin friendly shaver catches and cuts hairs of different lengths, without the need for multiple tools or skin contact with sharp edges.
Rounded tips and hypoallergenic foil for skin comfortThe shaver head features patented rounded tips and a hypo-allergenic foil to protect your skin while shaving. The bi-directional trimmers cut longer hairs, which are shaved by the foil for a closer result.
Includes 1 comb for a natural trim (3mm)1 comb included for a natural 3mm trim. Attach the comb onto the shaving system, to trim hair to a fixed length of 3mm. You can use the shaving system without the comb, for a closer result. For thicker hair, pre-trimming with the comb is recommended.
50 minutes cordless use after an 8-hour chargeHigh-power rechargeable battery for full body use, with 50 minutes of cordless use after an 8-hour charge. The battery light indicates power status, when the battery is low or full.
Easy to clean and use in or out of the showerProvides a comfortable and close result in or out of the shower. The body groomer is fully water-resistant, so you can simply rinse it clean when you've finished. For longer hair, trimming performance may be better on dry hair.
Ergonomic grip for maximum controlThe rubber grip is designed to ensure optimal handling even when wet, for better control during use, in or out of the shower.
2 year guarantee, worldwide voltage, no oil neededAll of our grooming products are built to last. They come with a 2 year worldwide guarantee, worldwide voltage compatibility, and they never need to be oiled.",794,110,,,,,In Stock,1,,https://eg.jumia.is/unsafe/fit-in/500x500/filters:fill(white)/product/76/267251/1.jpg?3614,,,,Philips,Philips,,,
1,Personal Care,Philips BT3208-13 Hair Trimmer,"Create the perfect goatee, stylish stubble or sleek clean shave‚Ä¢ Brand : Philips ‚Ä¢ Power Source : Electric ‚Ä¢ Number of Speed Settings : 1 ‚Ä¢ Model Number : BT3208/13 ‚Ä¢ Type : Hair Trimmer ‚Ä¢ Targeted Group : Men ‚Ä¢ Operating Function : Dry","Create the perfect goatee, stylish stubble or sleek clean shave‚Ä¢ Brand : Philips ‚Ä¢ Power Source : Electric ‚Ä¢ Number of Speed Settings : 1 ‚Ä¢ Model Number : BT3208/13 ‚Ä¢ Type : Hair Trimmer ‚Ä¢ Targeted Group : Men ‚Ä¢ Operating Function : Dry",795,95,,,,,In Stock,1,,https://cf2.s3.souqcdn.com/item/2018/09/04/37/12/93/21/item_XL_37129321_147031943.jpg,,,,Philips,Philips,,,
1,Personal Care,"Philips Beard Trimmer Series 3000 with 20 lock-in length settings, 0.5 - 10mm with 0.5mm Precision, Cordless Use – BT3216","This trimmer with the innovative Lift & Trim system lifts and captures more low-lying hairs for efficient, even trimming results. This way you will easily achieve the 3-day stubble, short beard or long beard look you want.3-day beard made easyLift & Trim system cuts 30% faster* 0.5mm precision settingsStainless steel blades60 min cordless use/1h chargeLift & Trim system Lift & Trim comb …","This trimmer with the innovative Lift & Trim system lifts and captures more low-lying hairs for efficient, even trimming results. This way you will easily achieve the 3-day stubble, short beard or long beard look you want.3-day beard made easyLift & Trim system cuts 30% faster* 0.5mm precision settingsStainless steel blades60 min cordless use/1h chargeLift & Trim system Lift & Trim comb …",796,115,,,,,In Stock,1,,https://cf1.s3.souqcdn.com/item/2020/09/02/37/12/93/22/item_XL_37129322_4d59167de56ee.jpg,,,,Philips,Philips,,,
1,Personal Care,"Philips BRI924/60,Philips Lumea Advanced IPL - Hair removal device + VisaPure mini facial cleanser, BRI924/60, White with Pink.","Expert IPL technology at-home, developed with dermatologists
Proven safe and effective treatment
Suitable for a wide variety of hair and skin types
Integrated skin tone sensor
Safe and effective even on sensitive areas","Expert IPL technology at-home, developed with dermatologists
Proven safe and effective treatment
Suitable for a wide variety of hair and skin types
Integrated skin tone sensor
Safe and effective even on sensitive areas",797,1430,,,,,In Stock,1,,https://images-na.ssl-images-amazon.com/images/I/51zbRTC5cfL._AC_SL1200_.jpg,,,,Philips,Philips,,,
1,Personal Care,"Philips BRE225/00 Satinelle Essential Corded Compact Epilator, White","Product colour: Purple,White
Shaver: Y
Trimmer: N
Washable: Y
Suitable for short hair: Y
Wet & Dry: N
Cooling: N
Floating head: N
Backlight: N
Massage function: N
Number of speeds: 2
Ergonomic grip: Y","Product colour: Purple,White
Shaver: Y
Trimmer: N
Washable: Y
Suitable for short hair: Y
Wet & Dry: N
Cooling: N
Floating head: N
Backlight: N
Massage function: N
Number of speeds: 2
Ergonomic grip: Y",798,65,,,,,In Stock,1,,https://images-na.ssl-images-amazon.com/images/I/61FUA-H313L._AC_SL1500_.jpg,,,,Philips,Philips,,,
1,Personal Care,Philips MG1100/16 Series 1000 Precision Beard Styler (Trimmer/Shaver/Shaper),"Enhanced DualCut technology with double sharpened cutting element
Detail trimmer head for trimming the edges and getting neat sideburns
Cordless, battery operated device with beard comb for even trimming
Three click-on combs supplied to choose your exact beard length
Skin friendly 21 mm detail foil shaver to smooth hard to reach areas","Enhanced DualCut technology with double sharpened cutting element
Detail trimmer head for trimming the edges and getting neat sideburns
Cordless, battery operated device with beard comb for even trimming
Three click-on combs supplied to choose your exact beard length
Skin friendly 21 mm detail foil shaver to smooth hard to reach areas",799,85,,,,,In Stock,1,,https://images-na.ssl-images-amazon.com/images/I/71KWnrCGZLL._AC_SL1500_.jpg,,,,Philips,Philips,,,
1,Personal Care,Philips Precision Trimmer for Men – NT1150/10,"It is easy to get rid of the unwanted hair in the nose and ears with this gentle yet efficient Philips NT1150/10 Precision Trimmer for Men. The cutter in this Philips trimmer is protected by an ultra thin foil guard that ensures perfect hair cutting, without causing any skin irritation. Two independently moving cutting blades eliminate hair with the utmost perfection without pulling your ","It is easy to get rid of the unwanted hair in the nose and ears with this gentle yet efficient Philips NT1150/10 Precision Trimmer for Men. The cutter in this Philips trimmer is protected by an ultra thin foil guard that ensures perfect hair cutting, without causing any skin irritation. Two independently moving cutting blades eliminate hair with the utmost perfection without pulling your ",800,45,,,,,In Stock,1,,https://cf1.s3.souqcdn.com/item/2015/10/21/93/41/70/6/item_XL_9341706_10189149.jpg,,,,Philips,Philips,,,
1,Personal Care,"Philips NT3160 Nose Trimmer Series 3000 Comfortable nose, ear & eyebrow Trimmer, Fully washable, AA battery, 2 eyebrow Combs","With the revolutionary ProtecTube technology, the cutter is protected by an ultra-thin foil guard with rounded tips to prevent skin irritation.  In addition, the cutter is designed to prevent hair from getting caught between two separately moving cutting blades, for no pulling, guaranteed. Easily reach hair inside the ear or nose: The Philips nose trimmer has been engineered so that it is .","With the revolutionary ProtecTube technology, the cutter is protected by an ultra-thin foil guard with rounded tips to prevent skin irritation.  In addition, the cutter is designed to prevent hair from getting caught between two separately moving cutting blades, for no pulling, guaranteed. Easily reach hair inside the ear or nose: The Philips nose trimmer has been engineered so that it is .",801,55,,,,,In Stock,1,,https://cf2.s3.souqcdn.com/item/2015/10/07/92/13/27/3/item_XL_9213273_9860651.jpg,,,,Philips,Philips,,,
1,Personal Care,Philips MG3710/13 Series 3000 6-in-1 Multi Grooming Kit For Beard With Nose Trimmer Attachment,"Try out a new look, any day of the week, with this durable all-in-one trimmer. 6 quality tools allow you to easily create you‚Äôre the exact facial style you want All-in-one trimmer 9-in-1 trimmer 6 tools Self-sharpening steel blades Up to 60 min run time Rinseable attachmentsSelf-sharpening, ","Try out a new look, any day of the week, with this durable all-in-one trimmer. 6 quality tools allow you to easily create you‚Äôre the exact facial style you want All-in-one trimmer 9-in-1 trimmer 6 tools Self-sharpening steel blades Up to 60 min run time Rinseable attachmentsSelf-sharpening, ",802,95,,,,,In Stock,1,,https://cf1.s3.souqcdn.com/item/2017/08/21/23/81/28/42/item_XL_23812842_34632806.jpg,,,,Philips,Philips,,,
1,Personal Care,"Philips Multigroom Beard Grooming Kit with Trimmer for Head Body, Face","All-in-one groomer DualCut blades
Steel blades & 9 pieces for face & head
Reinforced guards won't bend Rinseable attachments for easy cleaning
Trims for 70 minutes between charges Used while unplugged, or while charging
Ergonomic handle with non-slip grip Ni-MH Battery 100% Waterproof","All-in-one groomer DualCut blades
Steel blades & 9 pieces for face & head
Reinforced guards won't bend Rinseable attachments for easy cleaning
Trims for 70 minutes between charges Used while unplugged, or while charging
Ergonomic handle with non-slip grip Ni-MH Battery 100% Waterproof",803,150,,,,,In Stock,1,,https://images-na.ssl-images-amazon.com/images/I/71DtkZzH6cL._AC_SL1500_.jpg,,,,Philips,Philips,,,
1,Personal Care,Philips MG3730/15 8-in -1 Hair Clipper & Face Multigroomer Trimmer Kit (Black),"Trim and style your face & hair with 8 tools at home with ease
All your hair trimming needs at home with multiple hair combs 9,12,16 mm
Run time up to 60 minutes of cordless use per charge, No-slip rubber grip for improved comfort and control
No-slip rubber grip for improved comfort and control
Maintenance free :No oil needed
Showerproof for convenient use in the shower and cleaning
Toll Free Number: 18601801111 / 18001022929","Trim and style your face & hair with 8 tools at home with ease
All your hair trimming needs at home with multiple hair combs 9,12,16 mm
Run time up to 60 minutes of cordless use per charge, No-slip rubber grip for improved comfort and control
No-slip rubber grip for improved comfort and control
Maintenance free :No oil needed
Showerproof for convenient use in the shower and cleaning
Toll Free Number: 18601801111 / 18001022929",804,120,,,,,In Stock,1,,https://images-na.ssl-images-amazon.com/images/I/61AkOaAeiWL._SL1500_.jpg,,,,Philips,Philips,,,
1,Personal Care,Philips Beardtrimmer Series 1000 bt1209/15 Hair Clipper – Shaver (3.2 cm),"Brand	Philips
Model Number	BT1209/15
Product Dimensions	5 x 7 x 17.1 cm; 200 Grams
Item Weight	200 g","Brand	Philips
Model Number	BT1209/15
Product Dimensions	5 x 7 x 17.1 cm; 200 Grams
Item Weight	200 g",805,65,,,,,In Stock,1,,https://images-na.ssl-images-amazon.com/images/I/71SqUxvU2YL._AC_SL1500_.jpg,,,,Philips,Philips,,,
1,Personal Care,Philips ThermoProtect Hair Dryer With Cool Shot 2100W – HP8230/03,"The Philips HP8230/03 ThermoProtect Hairdryer delivers salon style results, right in the comfort of your home. With this device, you can achieve your favorite look for parties, office, outings, and more. The dryer’s 2100W DC motor churns out the right amount of air needed to dry and style your hair quickly and easily. Its six flexible temperature and speed combinations give you","The Philips HP8230/03 ThermoProtect Hairdryer delivers salon style results, right in the comfort of your home. With this device, you can achieve your favorite look for parties, office, outings, and more. The dryer’s 2100W DC motor churns out the right amount of air needed to dry and style your hair quickly and easily. Its six flexible temperature and speed combinations give you",806,80,,,,,In Stock,1,,https://cf1.s3.souqcdn.com/item/2017/10/23/54/06/80/4/item_XXL_5406804_55781987.jpg,,,,Philips,Philips,,,
1,Personal Care,Remington S3500 Ceramic Slim Hair Straightener,"Remington S3500 Ceramic Slim 230 straightener has antistatic Ceramic coated plates giving your hair more protection.
It’s fast-working, reaching a top heat of 230ºC in a super quick 15 seconds.
4 X Protection for smooth shine & less static
Anti static
Ceramic
Tourmaline
Smooth glide plates
High heat setting 150-230°C
Slim extra long 110 mm plates
Floating plates for superior alignment
Fast 15 seconds heat–up for instant styling
Variable temperature wheel:
With variable heat settings, Remington puts you in control of the temperature so you can find the perfect heat setting for your hair type.

Automatic safety shut off after 60 minutes
Plate lock for storage
Worldwide voltage
Heat resistant pouch
Swivel cord","Remington S3500 Ceramic Slim 230 straightener has antistatic Ceramic coated plates giving your hair more protection.
It’s fast-working, reaching a top heat of 230ºC in a super quick 15 seconds.
4 X Protection for smooth shine & less static
Anti static
Ceramic
Tourmaline
Smooth glide plates
High heat setting 150-230°C
Slim extra long 110 mm plates
Floating plates for superior alignment
Fast 15 seconds heat–up for instant styling
Variable temperature wheel:
With variable heat settings, Remington puts you in control of the temperature so you can find the perfect heat setting for your hair type.

Automatic safety shut off after 60 minutes
Plate lock for storage
Worldwide voltage
Heat resistant pouch
Swivel cord",807,95,,,,,In Stock,1,,https://cf4.s3.souqcdn.com/item/2014/05/06/69/08/16/0/item_XL_6908160_4642914.jpg,,,,Remington,Remington,,,
